sample_id,true_H2,raw_pred_H2,true_CH4,raw_pred_CH4,true_CO2,raw_pred_CO2,true_N2,raw_pred_N2,target_sum,raw_pred_sum,background_N2,mixture_id,stage_id,pressure_stage,distance_stage,fault_case,fault_severity
W00049,1.7609659433364868,1602.0665629685604,77.40362548828125,479.7316093703708,1.0272469520568848,9.808624311377233,19.80815887451172,300.90012657986676,99.99999725818634,2392.506923230175,19.80815887451172,MD00004,baseline_stage,low,short,clean,observed_clean
W00050,1.7609659433364868,-381.88677981062784,77.40362548828125,73.41232031440738,1.0272469520568848,25.578455324010907,19.80815887451172,9.908679553294107,99.99999725818634,-272.9873246189154,19.80815887451172,MD00004,distance_stage,mid,mid,clean,observed_clean
W00051,1.7609659433364868,-419.21070222894565,77.40362548828125,73.63326270309679,1.0272469520568848,26.20703152289414,19.80815887451172,10.215419623152611,99.99999725818634,-309.1549883798021,19.80815887451172,MD00004,pressure_stage,high,long,clean,observed_clean
W00052,1.7609659433364868,312.73480883974656,77.40362548828125,73.7887758328337,1.0272469520568848,25.407153489975457,19.80815887451172,10.437448187500484,99.99999725818634,422.3681863500562,19.80815887451172,MD00004,purge_stage,mid,mid,clean,observed_clean
W00053,1.7609659433364868,608.3773117260487,82.65570068359375,74.19413705810125,1.0272469520568848,21.291336162212406,14.5560884475708,10.220724801969517,100.00000202655792,714.0835097483317,14.5560884475708,MD00004,baseline_stage,low,short,clean,observed_clean
W00054,1.7609659433364868,-63.63940773467892,82.65570068359375,-2651.629217712876,1.0272469520568848,9.670700756203665,14.5560884475708,91.98191591750155,100.00000202655792,-2613.61600877385,14.5560884475708,MD00004,distance_stage,mid,mid,clean,observed_clean
W00055,1.7609659433364868,-460.50786135795,82.65570068359375,-4463.947142818946,1.0272469520568848,8.677545109307646,14.5560884475708,156.038929813684,100.00000202655792,-4759.738529253904,14.5560884475708,MD00004,pressure_stage,high,long,clean,observed_clean
W00056,1.7609659433364868,-6829.257077856546,82.65570068359375,24.540851508520376,1.0272469520568848,7.665684958298986,14.5560884475708,88.78858216052807,100.00000202655792,-6708.261959229199,14.5560884475708,MD00004,purge_stage,mid,mid,clean,observed_clean
