{
  "dataset_version": "V3.1 dual-channel waveform",
  "calibration_status": "pending",
  "simulation_level": "dual_waveform_dynamic_simulation",
  "shape": {
    "sequences": 200,
    "timesteps": 120,
    "ultrasonic_waveform_samples": 1000,
    "fiber_mic_waveform_samples": 2000,
    "slow_channels": 8,
    "labels": 4
  },
  "split_policy": "stratified_independent_sequence_with_extrapolation_holdout",
  "split_distribution": {
    "train": {
      "sequence_count": 167,
      "mixture_count": 167,
      "x_H2": {
        "min": 0.231842,
        "max": 27.857641,
        "mean": 8.636915550898204
      },
      "x_CH4": {
        "min": 51.494818,
        "max": 96.279909,
        "mean": 76.92050073053892
      },
      "x_CO2": {
        "min": 0.056695,
        "max": 12.36429,
        "mean": 4.391203413173653
      },
      "x_N2": {
        "min": 0.154549,
        "max": 19.914161,
        "mean": 10.051380281437124
      }
    },
    "val": {
      "sequence_count": 1,
      "mixture_count": 1,
      "x_H2": {
        "min": 23.43918,
        "max": 23.43918,
        "mean": 23.43918
      },
      "x_CH4": {
        "min": 61.96839,
        "max": 61.96839,
        "mean": 61.96839
      },
      "x_CO2": {
        "min": 7.635912,
        "max": 7.635912,
        "mean": 7.635912
      },
      "x_N2": {
        "min": 6.956518,
        "max": 6.956518,
        "mean": 6.956518
      }
    },
    "test": {
      "sequence_count": 2,
      "mixture_count": 2,
      "x_H2": {
        "min": 7.729175,
        "max": 18.311014,
        "mean": 13.020094499999999
      },
      "x_CH4": {
        "min": 62.504972,
        "max": 74.545204,
        "mean": 68.525088
      },
      "x_CO2": {
        "min": 4.585619,
        "max": 9.706402,
        "mean": 7.146010500000001
      },
      "x_N2": {
        "min": 9.477612,
        "max": 13.140003,
        "mean": 11.3088075
      }
    },
    "extrapolation": {
      "sequence_count": 30,
      "mixture_count": 30,
      "x_H2": {
        "min": 0.097681,
        "max": 27.157473,
        "mean": 10.589777733333333
      },
      "x_CH4": {
        "min": 48.200435,
        "max": 97.254608,
        "mean": 74.3024065
      },
      "x_CO2": {
        "min": 0.026067,
        "max": 13.965004,
        "mean": 4.791033266666667
      },
      "x_N2": {
        "min": 0.089556,
        "max": 19.817215,
        "mean": 10.316782533333333
      }
    }
  },
  "split_warnings": [
    "val split has no x_H2 range.",
    "val split has no x_CH4 range.",
    "val split has no x_CO2 range.",
    "val split has no x_N2 range."
  ],
  "scaler_policy": "fit_z_score_scalers_on_train_split_only",
  "channel_names": [
    "V_NDIR_CH4",
    "V_NDIR_CO2",
    "V_TCS",
    "T_C",
    "P_MPa",
    "H_RH",
    "L_m",
    "piston_position_m"
  ],
  "label_names": [
    "x_H2",
    "x_CH4",
    "x_CO2",
    "x_N2"
  ],
  "acoustic_version": "V3.1",
  "ultrasonic": {
    "dtype": "int16",
    "sample_rate_hz": 200000,
    "center_frequency_hz": 40000.0,
    "measurement_window_s": 0.005,
    "calibration_status": "pending"
  },
  "fiber_mic": {
    "dtype": "int16",
    "sample_rate_hz": 200000,
    "center_frequency_hz": 40000.0,
    "measurement_window_s": 0.01,
    "l_direct_factor": 0.5,
    "wall_reflection_coef": 0.5,
    "max_reflections": 15,
    "calibration_status": "pending"
  },
  "slow_channel_names": [
    "V_NDIR_CH4",
    "V_NDIR_CO2",
    "V_TCS",
    "T_C",
    "P_MPa",
    "H_RH",
    "L_m",
    "piston_position_m"
  ],
  "storage_format": "memmap",
  "composition_timeline": "blended_baseline_to_target",
  "base_condition_count": 200,
  "noise_seed_count": 1,
  "multi_path": {
    "phase": "steady",
    "path_lms": [
      0.2,
      0.6,
      1.0,
      1.4
    ]
  },
  "waveform_files": {
    "ultrasonic_int16": "sequences/ultrasonic_int16.npy",
    "ultrasonic_scale": "sequences/ultrasonic_scale.npy",
    "fiber_mic_int16": "sequences/fiber_mic_int16.npy",
    "fiber_mic_scale": "sequences/fiber_mic_scale.npy",
    "slow": "sequences/slow.npy",
    "y": "labels/y.npy"
  },
  "split_summary": {
    "split_policy": "stratified_independent_sequence_with_extrapolation_holdout",
    "group_field": "sequence_id",
    "seed": 20260514,
    "stratify_fields": [
      "x_H2",
      "x_CO2",
      "x_N2",
      "P_MPa_base",
      "L_m_base"
    ],
    "boundary_quantile": 0.1,
    "extrapolation_ratio_target": 0.15,
    "boundary_thresholds": {
      "x_H2": {
        "low": 1.3192881,
        "high": 20.185852699999998
      },
      "x_CO2": {
        "low": 0.6806471000000001,
        "high": 9.760726
      },
      "x_N2": {
        "low": 2.5000405000000003,
        "high": 18.135651799999998
      },
      "P_MPa_base": {
        "low": 0.172,
        "high": 0.64776
      },
      "L_m_base": {
        "low": 0.2,
        "high": 1.4
      }
    },
    "regular_tertile_thresholds": {
      "x_H2": {
        "q33": 4.497228333333331,
        "q67": 10.47619
      },
      "x_CO2": {
        "q33": 2.101337,
        "q67": 5.473243666666667
      },
      "x_N2": {
        "q33": 6.759078333333332,
        "q67": 12.820069999999998
      },
      "P_MPa_base": {
        "q33": 0.3059,
        "q67": 0.5052
      },
      "L_m_base": {
        "q33": 0.6,
        "q67": 1.0
      }
    },
    "candidate_extrapolation_groups": 145,
    "selected_extrapolation_groups": 30,
    "candidate_extrapolation_sequences": 145,
    "selected_extrapolation_sequences": 30,
    "boundary_reason_totals": {
      "L_m_base:low": 30,
      "x_CO2:high": 20,
      "x_N2:high": 20,
      "L_m_base:high": 28,
      "x_N2:low": 20,
      "x_H2:low": 20,
      "x_H2:high": 20,
      "x_CO2:low": 20,
      "P_MPa_base:high": 20,
      "P_MPa_base:low": 22
    },
    "boundary_reason_selected": {
      "L_m_base:low": 8,
      "x_CO2:high": 7,
      "x_N2:high": 8,
      "x_H2:low": 8,
      "x_N2:low": 8,
      "P_MPa_base:low": 8,
      "x_H2:high": 7,
      "L_m_base:high": 7,
      "x_CO2:low": 8,
      "P_MPa_base:high": 8
    },
    "total_sequences": 200,
    "total_groups": 200,
    "splits": {
      "train": {
        "sequence_count": 167,
        "group_count": 167,
        "group_coverage_ratio": 0.835,
        "sequence_coverage_ratio": 0.835
      },
      "val": {
        "sequence_count": 1,
        "group_count": 1,
        "group_coverage_ratio": 0.005,
        "sequence_coverage_ratio": 0.005
      },
      "test": {
        "sequence_count": 2,
        "group_count": 2,
        "group_coverage_ratio": 0.01,
        "sequence_coverage_ratio": 0.01
      },
      "extrapolation": {
        "sequence_count": 30,
        "group_count": 30,
        "group_coverage_ratio": 0.15,
        "sequence_coverage_ratio": 0.15
      }
    },
    "stratify_distribution": {
      "train": {
        "x_H2": {
          "min": 0.231842,
          "max": 27.857641,
          "mean": 8.636915550898204
        },
        "x_CO2": {
          "min": 0.056695,
          "max": 12.36429,
          "mean": 4.391203413173653
        },
        "x_N2": {
          "min": 0.154549,
          "max": 19.914161,
          "mean": 10.051380281437124
        },
        "P_MPa_base": {
          "min": 0.1053,
          "max": 0.703,
          "mean": 0.4000065868263473
        },
        "L_m_base": {
          "min": 0.2,
          "max": 1.4,
          "mean": 0.7847089820359282
        }
      },
      "val": {
        "x_H2": {
          "min": 23.43918,
          "max": 23.43918,
          "mean": 23.43918
        },
        "x_CO2": {
          "min": 7.635912,
          "max": 7.635912,
          "mean": 7.635912
        },
        "x_N2": {
          "min": 6.956518,
          "max": 6.956518,
          "mean": 6.956518
        },
        "P_MPa_base": {
          "min": 0.3221,
          "max": 0.3221,
          "mean": 0.3221
        },
        "L_m_base": {
          "min": 1.0,
          "max": 1.0,