sample_id,true_H2,raw_pred_H2,true_CH4,raw_pred_CH4,true_CO2,raw_pred_CO2,true_N2,raw_pred_N2,target_sum,raw_pred_sum,background_N2,mixture_id,stage_id,pressure_stage,distance_stage,fault_case,fault_severity
W00049,1.7609659433364868,-239.5259319289779,77.40362548828125,90.0743250205843,1.0272469520568848,-34.71857436674755,19.80815887451172,264.1488699245398,99.99999725818634,79.9786886493986,19.80815887451172,MD00004,baseline_stage,low,short,clean,observed_clean
W00050,1.7609659433364868,-125.3025771377478,77.40362548828125,85.25772223786007,1.0272469520568848,-56.46797101092537,19.80815887451172,153.2358870838587,99.99999725818634,56.72306117304559,19.80815887451172,MD00004,distance_stage,mid,mid,clean,observed_clean
W00051,1.7609659433364868,-137.28648146330897,77.40362548828125,90.43940697306441,1.0272469520568848,-110.50245183980516,19.80815887451172,225.86026607679207,99.99999725818634,68.51073974674233,19.80815887451172,MD00004,pressure_stage,high,long,clean,observed_clean
W00052,1.7609659433364868,-136.05579387357926,77.40362548828125,103.05185035070949,1.0272469520568848,-218.3654378091351,19.80815887451172,392.43112635883654,99.99999725818634,141.06174502683166,19.80815887451172,MD00004,purge_stage,mid,mid,clean,observed_clean
W00053,1.7609659433364868,-247.21952892826474,82.65570068359375,87.61359798667672,1.0272469520568848,-27.537825975294762,14.5560884475708,212.23364715726123,100.00000202655792,25.089890240378452,14.5560884475708,MD00004,baseline_stage,low,short,clean,observed_clean
W00054,1.7609659433364868,-144.74858460535233,82.65570068359375,84.06556981739811,1.0272469520568848,-49.38375554713748,14.5560884475708,136.22089924071642,100.00000202655792,26.154128905624717,14.5560884475708,MD00004,distance_stage,mid,mid,clean,observed_clean
W00055,1.7609659433364868,-137.95303618909912,82.65570068359375,101.64185999410728,1.0272469520568848,-261.47573894447515,14.5560884475708,335.9372807400958,100.00000202655792,38.15036560062879,14.5560884475708,MD00004,pressure_stage,high,long,clean,observed_clean
W00056,1.7609659433364868,-150.84964298976485,82.65570068359375,90.06162592455073,1.0272469520568848,-85.92056578120037,14.5560884475708,219.8882083538067,100.00000202655792,73.17962550739222,14.5560884475708,MD00004,purge_stage,mid,mid,clean,observed_clean
