sample_id,true_H2,raw_pred_H2,true_CH4,raw_pred_CH4,true_CO2,raw_pred_CO2,true_N2,raw_pred_N2,target_sum,raw_pred_sum,background_N2,mixture_id,stage_id,pressure_stage,distance_stage,fault_case,fault_severity
W00049,1.7609659433364868,14.351606897338764,77.40362548828125,61.50393929882688,1.0272469520568848,3.190493962483223,19.80815887451172,10.322660586316845,99.99999725818634,89.36870074496571,19.80815887451172,MD00004,baseline_stage,low,short,clean,observed_clean
W00050,1.7609659433364868,6.303687242133593,77.40362548828125,58.60379900868929,1.0272469520568848,4.758253611663308,19.80815887451172,7.040625993002497,99.99999725818634,76.70636585548868,19.80815887451172,MD00004,distance_stage,mid,mid,clean,observed_clean
W00051,1.7609659433364868,0.31734053272702667,77.40362548828125,58.57880535860022,1.0272469520568848,4.80603430277254,19.80815887451172,8.98417968982621,99.99999725818634,72.686359883926,19.80815887451172,MD00004,pressure_stage,high,long,clean,observed_clean
W00052,1.7609659433364868,0.07477442172596227,77.40362548828125,58.44201199933383,1.0272469520568848,4.793238413351521,19.80815887451172,9.816707413758666,99.99999725818634,73.12673224816997,19.80815887451172,MD00004,purge_stage,mid,mid,clean,observed_clean
W00053,1.7609659433364868,10.643594164191288,82.65570068359375,58.92153818358992,1.0272469520568848,3.312361095347285,14.5560884475708,8.019929971057323,100.00000202655792,80.89742341418581,14.5560884475708,MD00004,baseline_stage,low,short,clean,observed_clean
W00054,1.7609659433364868,13.116948788749417,82.65570068359375,88.0330306248797,1.0272469520568848,4.960082618376117,14.5560884475708,13.760755879712802,100.00000202655792,119.87081791171804,14.5560884475708,MD00004,distance_stage,mid,mid,clean,observed_clean
W00055,1.7609659433364868,15.921727206051822,82.65570068359375,87.21090660980622,1.0272469520568848,4.925106165300532,14.5560884475708,18.124729821811925,100.00000202655792,126.1824698029705,14.5560884475708,MD00004,pressure_stage,high,long,clean,observed_clean
W00056,1.7609659433364868,12.040166771820743,82.65570068359375,89.63015363351911,1.0272469520568848,4.940718153148663,14.5560884475708,15.293674372818094,100.00000202655792,121.9047129313066,14.5560884475708,MD00004,purge_stage,mid,mid,clean,observed_clean
