sample_id,true_H2,raw_pred_H2,true_CH4,raw_pred_CH4,true_CO2,raw_pred_CO2,true_N2,raw_pred_N2,target_sum,raw_pred_sum,background_N2,mixture_id,stage_id,pressure_stage,distance_stage,fault_case,fault_severity
W00049,1.7609659433364868,7.072760651756935,77.40362548828125,72.14196761251799,1.0272469520568848,5.229332270659134,19.80815887451172,13.82149263522021,99.99999725818634,98.26555317015426,19.80815887451172,MD00004,baseline_stage,low,short,clean,observed_clean
W00050,1.7609659433364868,5.288834298636489,77.40362548828125,71.38170191785207,1.0272469520568848,3.9982866342698022,19.80815887451172,13.782858916715828,99.99999725818634,94.45168176747418,19.80815887451172,MD00004,distance_stage,mid,mid,clean,observed_clean
W00051,1.7609659433364868,5.289156939855191,77.40362548828125,71.39706916717503,1.0272469520568848,4.403115741137624,19.80815887451172,13.83927096081947,99.99999725818634,94.92861280898731,19.80815887451172,MD00004,pressure_stage,high,long,clean,observed_clean
W00052,1.7609659433364868,5.352544687130932,77.40362548828125,71.41306311321631,1.0272469520568848,4.829167979794764,19.80815887451172,13.860633222415657,99.99999725818634,95.45540900255766,19.80815887451172,MD00004,purge_stage,mid,mid,clean,observed_clean
W00053,1.7609659433364868,7.846869764544483,82.65570068359375,72.66669870670694,1.0272469520568848,6.237765548007747,14.5560884475708,14.547757231702839,100.00000202655792,101.299091250962,14.5560884475708,MD00004,baseline_stage,low,short,clean,observed_clean
W00054,1.7609659433364868,5.361714028758431,82.65570068359375,71.52788597523781,1.0272469520568848,8.228472098594542,14.5560884475708,14.915245196513144,100.00000202655792,100.03331729910391,14.5560884475708,MD00004,distance_stage,mid,mid,clean,observed_clean
W00055,1.7609659433364868,5.41223325607373,82.65570068359375,71.54262131465995,1.0272469520568848,7.254814678939984,14.5560884475708,14.737646891806815,100.00000202655792,98.94731614148048,14.5560884475708,MD00004,pressure_stage,high,long,clean,observed_clean
W00056,1.7609659433364868,5.451183691099919,82.65570068359375,71.5515101091001,1.0272469520568848,7.7514962748145395,14.5560884475708,14.929666036725823,100.00000202655792,99.68385611174037,14.5560884475708,MD00004,purge_stage,mid,mid,clean,observed_clean
