sample_id,true_H2,raw_pred_H2,true_CH4,raw_pred_CH4,true_CO2,raw_pred_CO2,true_N2,raw_pred_N2,target_sum,raw_pred_sum,background_N2,mixture_id,stage_id,pressure_stage,distance_stage,fault_case,fault_severity
W00049,1.7609659433364868,13.586594311493412,77.40362548828125,31.64847027537732,1.0272469520568848,45.754716165843895,19.80815887451172,-58.00147162382212,99.99999725818634,32.98830912889252,19.80815887451172,MD00004,baseline_stage,low,short,clean,observed_clean
W00050,1.7609659433364868,12.511287580141085,77.40362548828125,30.12706661001623,1.0272469520568848,82.32218974740553,19.80815887451172,22.01729120519277,99.99999725818634,146.97783514275562,19.80815887451172,MD00004,distance_stage,mid,mid,clean,observed_clean
W00051,1.7609659433364868,12.64736257438546,77.40362548828125,30.827777556663072,1.0272469520568848,63.969172658904405,19.80815887451172,90.75693827271108,99.99999725818634,198.20125106266403,19.80815887451172,MD00004,pressure_stage,high,long,clean,observed_clean
W00052,1.7609659433364868,12.828261034519414,77.40362548828125,25.60814244014525,1.0272469520568848,67.96714097229172,19.80815887451172,25.135041384355027,99.99999725818634,131.5385858313114,19.80815887451172,MD00004,purge_stage,mid,mid,clean,observed_clean
W00053,1.7609659433364868,14.59526467431445,82.65570068359375,56.967030874060164,1.0272469520568848,39.599588610569114,14.5560884475708,-215.02648013344594,100.00000202655792,-103.86459597450222,14.5560884475708,MD00004,baseline_stage,low,short,clean,observed_clean
W00054,1.7609659433364868,17.17492108407632,82.65570068359375,46.87773391018415,1.0272469520568848,55.602149254038686,14.5560884475708,123.87228831730842,100.00000202655792,243.52709256560757,14.5560884475708,MD00004,distance_stage,mid,mid,clean,observed_clean
W00055,1.7609659433364868,14.685357962727846,82.65570068359375,44.714028623298745,1.0272469520568848,53.34130670909724,14.5560884475708,7.62604829043603,100.00000202655792,120.36674158555986,14.5560884475708,MD00004,pressure_stage,high,long,clean,observed_clean
W00056,1.7609659433364868,18.50970751302194,82.65570068359375,36.74719514182288,1.0272469520568848,53.68957168013311,14.5560884475708,153.95639460079667,100.00000202655792,262.9028689357746,14.5560884475708,MD00004,purge_stage,mid,mid,clean,observed_clean
