sample_id,true_H2,raw_pred_H2,true_CH4,raw_pred_CH4,true_CO2,raw_pred_CO2,true_N2,raw_pred_N2,target_sum,raw_pred_sum,background_N2,mixture_id,stage_id,pressure_stage,distance_stage,fault_case,fault_severity
W00049,1.7609659433364868,13.897464,77.40362548828125,76.96054,1.0272469520568848,3.3470497,19.80815887451172,14.636211,99.99999725818634,108.84126,19.80815887451172,MD00004,baseline_stage,low,short,clean,observed_clean
W00050,1.7609659433364868,17.044256,77.40362548828125,76.96524,1.0272469520568848,7.3878803,19.80815887451172,13.348866,99.99999725818634,114.74625,19.80815887451172,MD00004,distance_stage,mid,mid,clean,observed_clean
W00051,1.7609659433364868,4.0400143,77.40362548828125,76.96524,1.0272469520568848,7.3878803,19.80815887451172,13.348866,99.99999725818634,101.742004,19.80815887451172,MD00004,pressure_stage,high,long,clean,observed_clean
W00052,1.7609659433364868,0.89322716,77.40362548828125,77.07275,1.0272469520568848,7.11734,19.80815887451172,13.713896,99.99999725818634,98.79721,19.80815887451172,MD00004,purge_stage,mid,mid,clean,observed_clean
W00053,1.7609659433364868,13.897464,82.65570068359375,76.75774,1.0272469520568848,7.103915,14.5560884475708,13.713896,100.00000202655792,111.47301,14.5560884475708,MD00004,baseline_stage,low,short,clean,observed_clean
W00054,1.7609659433364868,17.044256,82.65570068359375,76.73388,1.0272469520568848,8.088252,14.5560884475708,13.814179,100.00000202655792,115.680565,14.5560884475708,MD00004,distance_stage,mid,mid,clean,observed_clean
W00055,1.7609659433364868,17.044256,82.65570068359375,77.07193,1.0272469520568848,8.088252,14.5560884475708,14.159124,100.00000202655792,116.36356,14.5560884475708,MD00004,pressure_stage,high,long,clean,observed_clean
W00056,1.7609659433364868,17.044256,82.65570068359375,76.5681,1.0272469520568848,8.088252,14.5560884475708,14.530784,100.00000202655792,116.23139,14.5560884475708,MD00004,purge_stage,mid,mid,clean,observed_clean
