{
  "H2_RMSE": 3.4229684337446855,
  "H2_MAE": 2.855819833939621,
  "H2_MAPE": 384.5189399699134,
  "H2_R2": 0.8067224590414448,
  "CH4_RMSE": 4.233547670959291,
  "CH4_MAE": 3.310391417149719,
  "CH4_MAPE": 4.832719039603405,
  "CH4_R2": 0.8168383841702642,
  "CO2_RMSE": 3.777320146065806,
  "CO2_MAE": 3.0578117261483637,
  "CO2_MAPE": 640.5716743481988,
  "CO2_R2": -0.08069422579214747,
  "N2_RMSE": 6.086726039475618,
  "N2_MAE": 5.274389587972037,
  "N2_MAPE": 992.8024956166059,
  "N2_R2": -0.10285049425334636,
  "macro_RMSE": 4.38014057256135,
  "macro_MAE": 3.624603141302435,
  "macro_MAPE": 505.6814572435804,
  "mean_true_sum": 99.99999987584859,
  "mean_pred_sum": 101.01073495977853,
  "std_pred_sum": 5.522533528159914,
  "mean_abs_sum_error": 4.553112587203313,
  "max_abs_sum_error": 15.69387811422348,
  "run_name": "v3_tcn_slow_seed42",
  "model": "tcn",
  "label_names": [
    "x_H2",
    "x_CH4",
    "x_CO2",
    "x_N2"
  ],
  "seed": 42,
  "device": "cuda",
  "amp": false,
  "batch_size": 32,
  "num_workers": 0,
  "eval_num_workers": 0,
  "epochs_trained": 1,
  "n_train": 7028,
  "n_val": 1478,
  "n_test": 1494
}