sample_id,true_H2,raw_pred_H2,true_CH4,raw_pred_CH4,true_CO2,raw_pred_CO2,true_N2,raw_pred_N2,target_sum,raw_pred_sum,background_N2,mixture_id,stage_id,pressure_stage,distance_stage,fault_case,fault_severity
W00049,1.7609659433364868,17.172686,77.40362548828125,64.37543,1.0272469520568848,3.443077,19.80815887451172,14.90839,99.99999725818634,99.89958,19.80815887451172,MD00004,baseline_stage,low,short,clean,observed_clean
W00050,1.7609659433364868,17.172686,77.40362548828125,65.12341,1.0272469520568848,3.443077,19.80815887451172,10.794279,99.99999725818634,96.533455,19.80815887451172,MD00004,distance_stage,mid,mid,clean,observed_clean
W00051,1.7609659433364868,17.172686,77.40362548828125,64.85176,1.0272469520568848,7.041378,19.80815887451172,15.035227,99.99999725818634,104.10105,19.80815887451172,MD00004,pressure_stage,high,long,clean,observed_clean
W00052,1.7609659433364868,17.172686,77.40362548828125,64.83149,1.0272469520568848,7.041378,19.80815887451172,14.127194,99.99999725818634,103.172745,19.80815887451172,MD00004,purge_stage,mid,mid,clean,observed_clean
W00053,1.7609659433364868,4.168443,82.65570068359375,77.318405,1.0272469520568848,7.041378,14.5560884475708,14.104329,100.00000202655792,102.63256,14.5560884475708,MD00004,baseline_stage,low,short,clean,observed_clean
W00054,1.7609659433364868,4.168443,82.65570068359375,65.20108,1.0272469520568848,7.041378,14.5560884475708,14.585988,100.00000202655792,90.996895,14.5560884475708,MD00004,distance_stage,mid,mid,clean,observed_clean
W00055,1.7609659433364868,17.172686,82.65570068359375,65.12341,1.0272469520568848,7.041378,14.5560884475708,13.994015,100.00000202655792,103.3315,14.5560884475708,MD00004,pressure_stage,high,long,clean,observed_clean
W00056,1.7609659433364868,4.168443,82.65570068359375,65.20108,1.0272469520568848,7.041378,14.5560884475708,15.161604,100.00000202655792,91.57251,14.5560884475708,MD00004,purge_stage,mid,mid,clean,observed_clean
