{
  "dataset_version": "V3.1 dual-channel waveform",
  "calibration_status": "pending",
  "ultrasonic": {
    "length_scan": {
      "length_grid": [
        0.2,
        0.6,
        1.0,
        1.4
      ],
      "peak_indices": [
        84,
        252,
        421,
        589
      ],
      "pearson_r": 0.9999992947463185,
      "monotonic_increasing": true
    },
    "h2_scan": {
      "x_h2_grid": [
        0.0,
        2.5,
        5.0,
        7.5,
        10.0,
        12.5,
        15.0,
        17.5,
        20.0,
        22.5,
        25.0
      ],
      "peak_indices": [
        468,
        443,
        421,
        401,
        382,
        360,
        340,
        322,
        306,
        291,
        278
      ],
      "pearson_r": -0.9971192939568504,
      "monotonic_decreasing": true
    },
    "co2_scan": {
      "x_co2_grid": [
        0.0,
        1.0,
        2.0,
        3.0,
        4.0,
        5.0,
        6.0,
        7.0,
        8.0,
        9.0,
        10.0,
        11.0,
        12.0,
        13.0,
        14.0
      ],
      "peak_abs_v": [
        0.245283,
        0.225018,
        0.203805,
        0.184158,
        0.167601,
        0.152006,
        0.137179,
        0.124732,
        0.113253,
        0.103647,
        0.094439,
        0.084642,
        0.074948,
        0.068706,
        0.063294
      ],
      "alpha_true_npm": [
        1.350762,
        1.445501,
        1.54081,
        1.636692,
        1.733152,
        1.830194,
        1.927821,
        2.026038,
        2.124848,
        2.224256,
        2.324265,
        2.42488,
        2.526105,
        2.627942,
        2.730397
      ],
      "peak_pearson_r": -0.9841420563427794,
      "alpha_pearson_r": 0.9999331752847956,
      "monotonic_decreasing_peak_abs": true,
      "monotonic_increasing_alpha": true
    },
    "tof_directionality_passed": true,
    "alpha_directionality_passed": true
  },
  "fiber_mic": {
    "co2_scan": {
      "x_co2_grid": [
        0.0,
        1.0,
        2.0,
        3.0,
        4.0,
        5.0,
        6.0,
        7.0,
        8.0,
        9.0,
        10.0,
        11.0,
        12.0,
        13.0,
        14.0
      ],
      "tau_ms": [
        1.556126,
        1.459168,
        1.373662,
        1.297695,
        1.229755,
        1.168637,
        1.113362,
        1.063133,
        1.017289,
        0.975282,
        0.936651,
        0.901004,
        0.868011,
        0.837386,
        0.808884
      ],
      "pearson_r": -0.9835987221572399,
      "monotonic_decreasing": true
    },
    "humidity_scan": {
      "humidity_grid": [
        20.0,
        40.0,
        60.0,
        80.0
      ],
      "tau_ms": [
        1.139789,
        1.136569,
        1.133395,
        1.130267
      ],
      "pearson_r": -0.9999793130688842,
      "monotonic_decreasing": true
    },
    "h2_scan": {
      "x_h2_grid": [
        0.0,
        2.5,
        5.0,
        7.5,
        10.0,
        12.5,
        15.0,
        17.5,
        20.0,
        22.5,
        25.0
      ],
      "tau_ms": [
        1.135189,
        1.135083,
        1.134976,
        1.13487,
        1.134764,
        1.134618,
        1.134473,
        1.134327,
        1.134182,
        1.134036,
        1.133891
      ],
      "pearson_r": -0.997431887744704,
      "monotonic_decreasing": true
    },
    "length_scan": {
      "length_grid": [
        0.2,
        0.6,
        1.0,
        1.4
      ],
      "t_round_ms": [
        0.841308,
        2.523925,
        4.206541,
        5.889158
      ],
      "reflection_count": [
        3,
        1,
        1,
        1
      ],
      "pearson_r": 1.0,
      "monotonic_increasing": true
    },
    "alpha_directionality_passed": true,
    "length_directionality_passed": true
  }
}