{
  "H2_RMSE": 7.795812170390306,
  "H2_MAE": 6.590190847210743,
  "H2_MAPE": 669.9905761946504,
  "H2_R2": -0.0025322148173776426,
  "CH4_RMSE": 9.894234149321164,
  "CH4_MAE": 7.931015926192563,
  "CH4_MAPE": 11.08113394479414,
  "CH4_R2": -0.0004374140929461756,
  "CO2_RMSE": 3.6812135789218936,
  "CO2_MAE": 3.184087281983715,
  "CO2_MAPE": 1029.9265711082182,
  "CO2_R2": -0.026401485294577975,
  "N2_RMSE": 5.801044980199559,
  "N2_MAE": 5.027858332538519,
  "N2_MAPE": 970.5330539083213,
  "N2_R2": -0.0017551835788167658,
  "macro_RMSE": 6.793076219708231,
  "macro_MAE": 5.683288096981385,
  "macro_MAPE": 670.3828337889961,
  "mean_true_sum": 99.99999987584859,
  "mean_pred_sum": 99.74865300843675,
  "std_pred_sum": 8.478807977880534e-05,
  "mean_abs_sum_error": 0.25134686741185,
  "max_abs_sum_error": 0.25167322158813477,
  "run_name": "v3_multimodal_fusion_seed42",
  "model": "multimodal_fusion_v3",
  "label_names": [
    "x_H2",
    "x_CH4",
    "x_CO2",
    "x_N2"
  ],
  "seed": 42,
  "device": "cuda",
  "amp": false,
  "batch_size": 8,
  "num_workers": 0,
  "eval_num_workers": 0,
  "epochs_trained": 1,
  "n_train": 7028,
  "n_val": 1478,
  "n_test": 1494,
  "use_waveform": true
}