epoch,train_loss,val_loss,val_macro_RMSE,val_macro_MAE,improved
1,164.3848480424241,52.854010710845124,6.840174367887966,5.721574650027762,True
