{
  "H2_RMSE": 7.840737695947944,
  "H2_MAE": 6.7737972943565445,
  "H2_MAPE": 766.1735416415685,
  "H2_R2": -0.014120247296889765,
  "CH4_RMSE": 9.888433637089001,
  "CH4_MAE": 7.905575618207694,
  "CH4_MAPE": 11.11811868704575,
  "CH4_R2": 0.0007352584649122917,
  "CO2_RMSE": 3.6468723946897796,
  "CO2_MAE": 3.1330231242424182,
  "CO2_MAPE": 978.0312432538474,
  "CO2_R2": -0.0073406879280597526,
  "N2_RMSE": 5.799811337318766,
  "N2_MAE": 5.02494618524124,
  "N2_MAPE": 1016.0266667051462,
  "N2_R2": -0.0013291649038924547,
  "macro_RMSE": 6.793963766261372,
  "macro_MAE": 5.7093355555119745,
  "macro_MAPE": 692.837392571902,
  "mean_true_sum": 99.99999987584859,
  "mean_pred_sum": 101.71657902201815,
  "std_pred_sum": 0.024527811368573637,
  "mean_abs_sum_error": 1.716579146169555,
  "max_abs_sum_error": 1.776699423789978,
  "run_name": "v3_lstm_slow_seed42",
  "model": "lstm",
  "label_names": [
    "x_H2",
    "x_CH4",
    "x_CO2",
    "x_N2"
  ],
  "seed": 42,
  "device": "cuda",
  "amp": false,
  "batch_size": 32,
  "num_workers": 0,
  "eval_num_workers": 0,
  "epochs_trained": 1,
  "n_train": 7028,
  "n_val": 1478,
  "n_test": 1494
}