sample_id,true_H2,raw_pred_H2,true_CH4,raw_pred_CH4,true_CO2,raw_pred_CO2,true_N2,raw_pred_N2,target_sum,raw_pred_sum,background_N2,mixture_id,stage_id,pressure_stage,distance_stage,fault_case,fault_severity
W00049,1.7609659433364868,17.172686,77.40362548828125,76.69639,1.0272469520568848,3.5485437,19.80815887451172,12.807381,99.99999725818634,110.225,19.80815887451172,MD00004,baseline_stage,low,short,clean,observed_clean
W00050,1.7609659433364868,17.172686,77.40362548828125,77.65399,1.0272469520568848,3.611668,19.80815887451172,12.807381,99.99999725818634,111.24573,19.80815887451172,MD00004,distance_stage,mid,mid,clean,observed_clean
W00051,1.7609659433364868,17.172686,77.40362548828125,77.65399,1.0272469520568848,3.611668,19.80815887451172,12.807381,99.99999725818634,111.24573,19.80815887451172,MD00004,pressure_stage,high,long,clean,observed_clean
W00052,1.7609659433364868,17.172686,77.40362548828125,77.65399,1.0272469520568848,3.5485437,19.80815887451172,12.807381,99.99999725818634,111.1826,19.80815887451172,MD00004,purge_stage,mid,mid,clean,observed_clean
W00053,1.7609659433364868,17.172686,82.65570068359375,76.69639,1.0272469520568848,6.2181325,14.5560884475708,12.839946,100.00000202655792,112.92715,14.5560884475708,MD00004,baseline_stage,low,short,clean,observed_clean
W00054,1.7609659433364868,17.172686,82.65570068359375,77.83285,1.0272469520568848,8.146619,14.5560884475708,12.870163,100.00000202655792,116.022316,14.5560884475708,MD00004,distance_stage,mid,mid,clean,observed_clean
W00055,1.7609659433364868,17.172686,82.65570068359375,82.36621,1.0272469520568848,7.5264826,14.5560884475708,12.839946,100.00000202655792,119.90532,14.5560884475708,MD00004,pressure_stage,high,long,clean,observed_clean
W00056,1.7609659433364868,17.172686,82.65570068359375,77.65399,1.0272469520568848,8.146619,14.5560884475708,12.870163,100.00000202655792,115.84346,14.5560884475708,MD00004,purge_stage,mid,mid,clean,observed_clean
