sample_id,true_H2,raw_pred_H2,true_CH4,raw_pred_CH4,true_CO2,raw_pred_CO2,true_N2,raw_pred_N2,target_sum,raw_pred_sum,background_N2,mixture_id,stage_id,pressure_stage,distance_stage,fault_case,fault_severity
W00049,1.7609659433364868,8.758555107724323,77.40362548828125,57.99173557832705,1.0272469520568848,5.541660865303521,19.80815887451172,6.288730742447528,99.99999725818634,78.58068229380243,19.80815887451172,MD00004,baseline_stage,low,short,clean,observed_clean
W00050,1.7609659433364868,7.80688704207995,77.40362548828125,56.55081936371067,1.0272469520568848,5.786412871076328,19.80815887451172,7.532909666447375,99.99999725818634,77.67702894331433,19.80815887451172,MD00004,distance_stage,mid,mid,clean,observed_clean
W00051,1.7609659433364868,7.456604000338109,77.40362548828125,58.517365591328485,1.0272469520568848,6.4023359583243975,19.80815887451172,10.127223226265738,99.99999725818634,82.50352877625673,19.80815887451172,MD00004,pressure_stage,high,long,clean,observed_clean
W00052,1.7609659433364868,6.3467013242060535,77.40362548828125,56.673813877144994,1.0272469520568848,6.497988332169257,19.80815887451172,10.603947080577102,99.99999725818634,80.1224506140974,19.80815887451172,MD00004,purge_stage,mid,mid,clean,observed_clean
W00053,1.7609659433364868,7.645376406280423,82.65570068359375,71.54221830624141,1.0272469520568848,6.356659799290228,14.5560884475708,13.887625037347984,100.00000202655792,99.43187954916004,14.5560884475708,MD00004,baseline_stage,low,short,clean,observed_clean
W00054,1.7609659433364868,6.562074923249519,82.65570068359375,61.74752416528207,1.0272469520568848,7.0008772252715215,14.5560884475708,16.5148552945534,100.00000202655792,91.82533160835652,14.5560884475708,MD00004,distance_stage,mid,mid,clean,observed_clean
W00055,1.7609659433364868,7.566978676539,82.65570068359375,61.50274503274386,1.0272469520568848,6.381296600331854,14.5560884475708,13.433375140589154,100.00000202655792,88.88439545020385,14.5560884475708,MD00004,pressure_stage,high,long,clean,observed_clean
W00056,1.7609659433364868,5.228083773015571,82.65570068359375,59.420585080255705,1.0272469520568848,6.947872995333796,14.5560884475708,16.871898722135555,100.00000202655792,88.46844057074063,14.5560884475708,MD00004,purge_stage,mid,mid,clean,observed_clean
