{
  "method": "z_score",
  "fit_scope": "train_split_only",
  "transform_target": "slow",
  "channel_axis": 2,
  "modal_groups": {
    "optical": [
      "V_NDIR_CH4",
      "V_NDIR_CO2"
    ],
    "thermal": [
      "V_TCS"
    ],
    "environment": [
      "T_C",
      "P_MPa",
      "H_RH",
      "L_m",
      "piston_position_m"
    ]
  },
  "modal_stats": {
    "optical": {
      "channel_names": [
        "V_NDIR_CH4",
        "V_NDIR_CO2"
      ],
      "mean": [
        1.7982889413833618,
        1.9421541690826416
      ],
      "std": [
        0.37911108136177063,
        0.35721755027770996
      ]
    },
    "thermal": {
      "channel_names": [
        "V_TCS"
      ],
      "mean": [
        1.2292892932891846
      ],
      "std": [
        0.16318945586681366
      ]
    },
    "environment": {
      "channel_names": [
        "T_C",
        "P_MPa",
        "H_RH",
        "L_m",
        "piston_position_m"
      ],
      "mean": [
        20.095211029052734,
        0.5486305356025696,
        49.41737747192383,
        0.680584192276001,
        0.680584192276001
      ],
      "std": [
        4.68483829498291,
        0.13565415143966675,
        20.73206329345703,
        0.41295236349105835,
        0.41295236349105835
      ]
    }
  }
}